"","X1AA","X1AB","X1AC","X1AD","X1AE","X1AGA","X1AGB","X1AGC","X1AGD","X1AGE","X1EA","X1EB","X1EC","X1ED","X1EE","X1LGA","X1LGE","X1MA","X1NA","X1NB","X1NC","X1ND","X1NE","X1RA","X1RB","X1RC","X1RD","X1RE","X2AAF","X2ABF","X2ABM","X2ACF","X2ADF","X2AEF","X2AEM","X2AGAF","X2AGAM","X2AGBF","X2AGBM","X2AGCF","X2AGCM","X2AGDF","X2AGDM","X2AGEF","X2AGEM","X2EA","X2EB","X2EC","X2ED","X2LGB","X2LGC","X2LGD","X2MA","X2MB","X2MC","X2ME","X2NA","X2NB","X2NC","X2ND","X2NE"
"5",0,0.0181162702222866,1.12376109944365,0.126027121036447,0.376411543287328,0,0,0,4.82673591983421,0.186224074117182,0.152483725294704,14.7602370363189,1.7097966728281,0.0679440141323549,13.939081053175,0,0,3.43660836453505,34.3913268588104,7.12136495702179,21.093661251846,19.6533457100331,24.6683012901304,20.0305921771433,0.0727916823370983,0.0285979838421391,0.0377145012257213,0,0.260552371026576,0.596061734965407,0.304763690922731,0.524532837941209,0.0509152007331789,0.511352014726938,0.364442554742309,0.0403575680529491,0,0,1.33555016489956,0.152230172020094,0.0929584011155008,0.048226471510212,2.26126282831797,7.51321991721102,0.18035194393631,2.30858910576801,3.34605001330815,3.21969019425464,4.05958031103549,0,0.0137458934143425,0.0225220152699264,12.6919409463059,6.70886075949367,58.4891706286318,18.9791723104871,11.4558285926534,15.1085372099437,24.5691535776614,21.428882217291,14.3971688249015
"7",0,0,0,0,0,0.0529100529100529,0,0,0,0.0232780092646477,0,0.0121184212120845,0.0231053604436229,0.0679440141323549,0,0.0675014344054811,0.0257023157786517,0,0,0.0258645216356723,0,0.0320087063681321,0,0,0.0485277882247322,0,0,0,8.22368421052632,12.7088877062267,10.0337584396099,15.9763960222926,12.2960209770627,2.18858662303129,56.0026725787348,10.2508222854491,5.75875486381323,20.1049183820201,0,3.80575430050236,0,215.307082057341,1.56548965037398,231.641662479363,241.285136423363,1.93921484884513,0.456279547269294,1.35942474868529,0.149249276141011,0.0684265987874807,0.16495072097211,0.157654106889484,1.11794298490777,0.759493670886076,2.83148441627047,0.382451834972033,0.273688737708443,0.295473348303983,0.831697207678883,0.348083365966149,0.134051851256066
"10",0.153080750095675,0.235511512889726,21.51726170738,0.453697635731209,1.06649937264743,0,0,92.4822325096173,1.41654206342961,11.6855606508531,7.80012902469063,3.6718816272616,14.4639556377079,7.13412148389727,3.69987953880571,1.31627797090688,0.642557894466291,2.75777214437998,1.96118424149238,0.888015242824751,0.63188685675338,0.608165420994511,2.78420678750659,1.66866420781491,7.99495311002463,13.1264745835419,6.82632472185555,7.27804376466052,0.390828556539864,2.25651942522618,4.80588897224306,0.655666047426511,0.712812810264504,0.40908161178155,1.33628936738847,101.701071493432,0,84.1743668947887,87.8192373735997,53.9329752299763,0.371833604462003,54.4717995707844,1.04365976691599,24.9084774962314,1.41705098807101,1.92767190331629,2.24337444074069,1.82449111007763,1.94024058983314,0.492671511269861,0.302409655115534,1.05853471768654,2.20300529378884,2,5.76862123613312,3.0277436935286,2.19928449944285,0.787928928810621,1.69066317626527,1.28355741200017,1.76948443658007
"11",5.58744737849216,153.028134567655,25.035923510556,246.181378232596,194.855708908407,0.105820105820106,3.07185135236383,0.925865553889287,1.41654206342961,2.28124490793547,37.6752096651223,37.8215926029157,41.4972273567468,24.9354531865743,27.3188779900189,0.0675014344054811,0,11.3705066875974,25.3228109261496,6.24197122140893,14.5759968192662,11.5871517052638,33.0782098581544,43.1071587018852,0.0242638941123661,0.0142989919210696,0,0.0160663217762925,0.0651380927566441,0.0638637573177222,0.281320330082521,0.174844279313736,0.152745602199537,0.122724483534465,0.12148085158077,0.0201787840264746,0.207522697795071,0,0,0.173977339451536,0,0.265245593306166,0.0869716472429988,4.92905510492188,0.0257645634194729,0.230858910576801,0.266163069240421,0.0715486709834365,0.268648697053819,0.0136853197574961,0.0412376802430274,0.0225220152699264,0.0328806760266991,0.0506329113924051,0.147913365029054,0.334645355600529,0.234590346607237,0,0.0545375218150087,0.130531262237306,0.375345183516984
"12",0.408215333588468,1.17755756444863,24.1332301683799,195.190805061249,59.9435382685069,0,0.524462426013336,5.33350720479885,39.217229348653,6.82045671454177,0.516098762535922,27.3512766756747,9.9815157116451,11.482538388368,7.39975907761143,0,0,1.41070652000976,11.1395264916767,1.39668416832631,9.30790639554697,8.38628106845062,20.0164990031852,24.076440712758,0.315430623460759,0.171587903052835,0.0377145012257213,0.0321326435525851,24.5082073996873,60.8834486428952,22.0367591897974,17.5718500710305,47.24930628039,38.7604827163019,37.7805448416193,8.07151361058983,0.155642023346304,4.26064495513008,51.8956635503829,3.28382228214775,0,9.11480311543006,3.65280918420595,11.7483789151293,17.7260196325973,5.6791292001893,4.08116706168646,0.0357743354917182,8.56690845049402,0.218965116119938,0.0274917868286849,0.0225220152699264,2.23588596981554,0.860759493670886,0.274696249339673,10.4218125029879,13.1566086055559,4.01843753693417,0.3135907504363,11.3779750250185,14.6384621571624
"15",0.102053833397117,0.634069457780032,4.93717991230979,3.04985632908202,1.16060225846926,0.105820105820106,0.112384805574286,4.04251157331942,2.83308412685921,2.5373030098466,6.99079232889567,26.1879082393146,17.3059149722736,33.6322869955157,21.6830149716056,14.8165648520031,0.128511578893258,7.98693240276202,6.76216326466574,13.2253920630405,18.4028172214018,15.0761006993902,13.0044226494649,28.1289109317371,0.412486199910224,0.114391935368557,0.0377145012257213,0.0321326435525851,3.98970818134445,4.57690260777009,2.74287321830458,2.1855534914217,4.04775845828772,3.10902024953978,1.79184256081635,0.464112032608915,0,0.239661278726067,2.53481970072774,1.5005545527695,0.232396002788752,0.892189722938921,0,6.77146890627617,0.283410197614201,6.57947895143883,9.42977731023207,0.82280971630952,3.67153219306886,2.24439244022937,2.5567361750677,2.59003175604153,2.63045408213593,1.87341772151899,0.253565768621236,3.05961467977627,13.7235352765234,19.0875783004373,0.518106457242583,12.3569594917983,6.08595404702539
"16",0.816430667176936,1.19567383467092,2.56070152168306,0.277259666280184,1.69385194479297,0.0529100529100529,0.0374616018580955,0.61289691595488,0.131161302169408,0.861286342791964,36.0799953081931,6.20463166058726,25.5083179297597,9.85188204919147,21.4679056960936,0.101252151608222,0,11.7205316136149,4.26753690948743,3.20720068282337,7.26314892650233,2.6887313349231,7.1495680469305,5.03910104026646,0.99481965860701,0.3288768141846,0.28285875919291,0.0963979306577552,10.3569567483064,3.34220329962746,11.15903975994,5.11419516992678,5.16789287441766,8.07936183268562,1.97406383818751,0.0201787840264746,0,0.026629030969563,0.190792880699937,0.587173520648935,0,0.24113235755106,0.434858236214994,1.24422750221329,0.103058253677891,56.2026017799222,14.5755966488802,17.0643580295496,30.267753201397,0.109482558059969,0,0.0225220152699264,13.9742873113471,9.84810126582279,14.9603803486529,9.35413446369098,9.31519167986237,3.97904109049364,18.1337260034904,8.5933080972893,9.73216440119038
"18",0.0510269166985585,0.21739524266744,1.58431892708448,0.327670514694762,0.407779171894605,0,0,0.443372237073743,0.183625823037171,0.488838194557601,23.9399448712685,9.88863170906094,13.2162661737523,20.0434841690447,9.37876441232146,0.0337507172027406,0.0257023157786517,16.1966079402624,14.2617318041326,3.34514479821362,8.83221628990117,1.61643967159067,13.9095762964321,8.17115727160159,1.33451417618014,0.243082862658183,0.0377145012257213,0,3.48488796248046,9.43054816391698,1.96924231057764,2.68823079444869,4.30233446195362,5.0930660666803,2.24739575424424,1.06947555340315,1.14137483787289,0.798870929086891,4.74256589168416,0.304460344040189,0.557750406693005,0.675170601142967,0,3.44555308305219,0.463762141550511,2.33167499682569,77.7703139456774,2.71884949737059,46.6254738664517,0.0136853197574961,0,0,3.8470390951238,51.2151898734177,0.105652403592182,2.85245326916641,8.37683029343343,23.5393767482173,0.0818062827225131,10.5512770308489,2.17163999034827
"22",0.0255134583492792,0.181162702222866,10.6665192881618,0.100821696829158,0.313676286072773,0,0,54.4826237204147,0.367251646074342,6.14539444586699,5.45422555861826,1.8783552878731,6.19223659889094,0,3.65685768370332,0.371257889230146,0.231320842007865,1.68648373444776,1.49050002353421,0.370724810111304,0.340792911507441,0.320087063681321,1.44366277870712,0.920413987643939,6.09023742220389,9.33724172445842,4.01659438053932,4.37003952315157,0.32569046378322,1.70303352847259,3.04763690922731,0.349688558627472,0.891016012830631,0.16363264471262,0.334072341847116,46.5120971810239,0,41.5945463744574,46.0628526261277,29.7718722136442,0.0464792005577504,22.9558004388609,0.956688119672987,17.6106046467112,1.18516991729575,1.66218415615297,1.45755966488802,0.214646012950309,1.19399420912809,0.109482558059969,0.0274917868286849,0.225220152699264,1.28234636504127,1.29113924050633,3.06391970417327,2.16722706484152,1.33911989521631,0.610644919828232,0.858965968586388,1.08776051864422,1.15284592080217
"32",1.07156525066973,21.6670591858548,52.8904609262739,0,0,0,0.974001648310482,0,0.262322604338816,0,1.80634566887573,1.03006580302718,3.16543438077634,0.13588802826471,1.67785234899329,4.21883965034257,51.8158686097617,0,0.0156894739319391,0,0,0,0,0.00662168336434488,0,0,0,0,2.89864512767066,0.191591271953167,0,0.152988744399519,4.73511366818564,0.204540805890775,0.0911106386855772,0.48429081663539,0,8.70769312704711,0,9.06856881891134,0,0,0,1.74670399349173,5.82279133280087,8.69183798321656,4.4614000177442,1.00168139376811,1.16414435389988,0.547412790299845,13.5809426933704,100.98871647035,0.197284056160195,0.0506329113924051,0.147913365029054,0.0159354931238347,0.0390983911012062,0.0393964464405311,0.0545375218150087,0,0
"37",0.102053833397117,0.0543488106668599,9.0637780479717,0.453697635731209,0.0627352572145546,0,0,42.9549455564974,0.760735552582566,4.21331967690123,2.83854319394757,0.557447375755887,3.21164510166359,4.68813697513249,0,0.810017212865773,0.282725473565168,0.997040698352762,0.815852644460831,0.362103302899413,0.177496308076792,0.112030472288462,0.641627901647609,0.662168336434488,3.53039659334927,5.34782297848002,2.9228738449934,2.50634619710164,0.179129755080771,1.17083555082491,2.53188297074269,0.437110698284341,0.560067208064968,0.470443853548783,1.03258723843654,53.4939564541841,0,43.5384656352355,41.5928479925863,25.0527368810212,0,25.3671240143715,0.347886588971995,14.1411241116933,1.00481797335944,1.01577920653792,1.05197784509309,0.143097341966873,1.64174203755112,0.287391714907419,0.219934294629479,0.292786198509043,1.21658501298787,0.784810126582278,1.11991547807713,0.924258601182414,1.00678357085606,0.453059134066107,0.545375218150087,0.565635469694992,0.723879996782756
"40",8.39392779691287,27.7722422507654,6.85310047529568,0.100821696829158,0.313676286072773,0.0529100529100529,0.487000824155241,12.8056334354828,65.4757220429684,21.7183826439163,0.0938361386428948,0.799815799997576,0.231053604436229,3.94075281967659,2.28015832042678,0.405008606432887,0.0257023157786517,0.021213631879846,0.0941368435916344,0.0172430144237816,0.021299556969215,0,0,0.0463517835504142,0.0242638941123661,0,0,0,3.66401771756123,0.0851516764236296,68.3842835708927,1.72658725822314,6.61897609531326,0.102270402945388,1.54888085765481,26.0709889622051,0,95.9443985833355,3.67957698492736,10.4603875345236,0,2.45955004702081,0.173943294485998,4.49836096954035,1.57163836858784,3.93614442533446,0.392907387926336,0.321969019425464,0.537297394107639,0.109482558059969,0.0549835736573699,0.0675660458097791,0.164403380133496,0.0253164556962025,0.0422609614368727,0,0.0879713799777139,0.0393964464405311,0.0409031413612565,0.0435104207457686,0
"768",20.3342263043756,229.478794905705,19.1407833167533,0.151232545243736,0.533249686323714,0,11.0886341499963,35.8349090434896,519.818472757798,269.349845201238,0.50436924520556,0.59380263939214,0.739371534195933,0.54355211305884,0.559284116331096,0.101252151608222,0,1.29403154467061,1.11395264916767,0.336238781263741,0.340792911507441,0.0160043531840661,0.297898668622104,0.357570901674624,0.0485277882247322,0,0,0,0.016284523189161,0,0.0937734433608402,0,0.0509152007331789,0,0,0,0,0.026629030969563,0,0.0217471674314421,0,0.024113235755106,0,0.382839231450243,0.0257645634194729,0,0.0126744318685915,0,0.0298498552282021,0,0.0137458934143425,0,0.0328806760266991,0,0,0,0.00977459777530155,0,0.0272687609075044,0,0
"796",122.974869243526,168.282034094821,215.33841789175,148.157483490447,286.511919698871,879.312169312169,925.45141230239,54.9911977570581,191.233178562997,343.141134570172,0.0234590346607237,0.0605921060604224,0.0462107208872458,0,0.64532782653588,0.236255020419184,0.15421389467191,0.021213631879846,0.0627578957277562,0.0517290432713447,0.0567988185845734,0.0480130595521982,0.0343729233025505,0.0132433667286898,0.0485277882247322,0.0571959676842783,0.0188572506128606,0.0481989653288776,129.85278791037,342.671633847791,143.94223555889,458.157578406731,199.613044474428,361.362241767233,204.847085978073,11.0176160784551,845.395590142672,235.400633770937,272.997356155796,300.632842572255,952.498257029979,103.807479925731,848.930248738911,72.3087598401646,46.1443330842759,0.0808006187018804,0.0633721593429575,0.0357743354917182,0.0895495656846064,0.0547412790299845,0.0412376802430274,0,0,0.126582278481013,0.0211304807184363,0.0637419724953389,0.0977459777530155,0.118189339321593,0.0818062827225131,0.0652656311186529,0
"886",0.204107666794234,0.16304643200058,7.53472606020412,0.302465090487473,0.909661229611041,0,0,52.070157136337,0.734503292148684,7.72829907586303,6.16972611577034,2.19343423938729,17.7911275415896,8.83272183720614,3.35570469798658,0.303756454824665,0.128511578893258,1.55920194316868,0.862921066256648,0.637991533679918,0.653186413722595,0.576156714626378,1.84468021723688,1.07271270502387,3.40907712278744,4.44698648745263,2.2062983217047,3.16506538992963,0.423397602918187,1.49015433741352,1.73480870217554,0.546388372855426,1.04376161503017,0.306811208836163,0.819995748170195,35.9585931351777,0,38.3724336271403,29.3548475019761,22.0951221103451,0,27.8990137686576,0,7.48929246524538,1.31399273439312,1.38515346346081,1.98988580336886,1.39519908417701,0.328348407510224,0.0684265987874807,0.0962212539003973,0.472962320668453,1.41386906914806,1.41772151898734,3.04278922345483,1.48200086051663,1.56393564404825,0.886420044911949,1.02257853403141,0.804942783796719,1.04560443979731
"928",10.4605179232045,6.68490371202377,1.97118750230279,0.0504108484145788,0,0.264550264550265,0,0.260807198278672,0.0524645208677632,0,0.0117295173303619,0.181776318181267,0,0,0,13.534037598299,18.4028580975146,1.31524517655045,0.0627578957277562,0.0862150721189078,0.482789957968874,0,0.229152822017003,0.172163767472967,0.315430623460759,0.0285979838421391,0.0377145012257213,0,38.0080771235018,0.170303352847259,4.47768192048012,0.874221396568681,92.0037677248543,0.32726528942524,40.7871959182434,0.121072704158847,2.49027237354086,44.7367720288659,0,8.6336254702825,0.0464792005577504,171.782691519375,0.782744825186989,12.7294044457206,123.128848581661,5.99078872946799,0.34220966045197,0.107323006475155,2.56708754962538,11.6735777531442,5.53959504598001,28.8056575302358,1.93995988557525,0.531645569620253,0.126782884310618,0.478064793715042,0.146618966629523,0.137887562541859,0.0681719022687609,0.30457294522038,0.0268103702512132
"956",0.535782625334864,0.489139296001739,4.51346671088022,1.53753087664465,0.846925972396487,0.529100529100529,0.599385629729527,10.3540457716633,1.73132918863618,5.0280500011639,49.076300510234,15.0753159878331,15.4805914972274,5.23168908819133,13.3797969368439,0.371257889230146,0,40.6559254977248,25.1972951346941,27.2612058039987,12.5951380211292,17.0926492005826,16.7396136483421,15.3159536217297,28.2431727467941,34.2031886751984,28.3424476711296,8.90074226406607,6.6440854611777,4.598190526876,9.30701425356339,14.5557862528685,10.3612433492019,7.48619349560237,5.1933064050779,7.30471981758379,0.985732814526589,0.798870929086891,5.15140777889831,2.52267142204728,1.34789681617476,1.47090738106146,2.08731953383197,7.05859832986385,0.283410197614201,14.4171389655212,14.2840847159026,12.4494687511179,15.5816244291215,0.109482558059969,0.0962212539003973,0,22.0629336139151,20.5569620253165,28.2091917591125,27.5524676111102,12.9317928567239,16.2313359334988,21.0514834205934,33.0026541356655,14.7457036381672
"1006",8.90419696389846,1.4855341582275,3.81341881286614,1.4367091798155,3.70138017565872,0,0,3.35137249788094,0.970593636053619,3.5615354174911,20.6439505014369,4.47169742725918,11.5757855822551,7.74561761108846,17.337807606264,2.36255020419184,0.0257023157786517,14.1282788319774,5.71096851122582,9.34571381768961,8.9742133363626,3.23287934318135,4.69763285134856,3.98625338533562,17.6398510196902,19.0748552227068,15.0669432396757,23.1676360014138,5.42274622199062,3.12932410856839,2.22711927981995,3.3438968418752,3.71680965352206,3.23174473307425,1.09332766422693,1.95734205056803,0,0.133145154847815,2.86189321049906,2.71839592893026,0.139437601673251,0.578717658122543,0.260914941728996,3.1584236594645,0.334939324453147,15.4560040631168,15.3740858566015,11.6266590348084,9.91015193576311,0.205279796362442,0.0274917868286849,0.0225220152699264,10.6862197086772,8.17721518987342,20.5388272583201,11.6488454735232,10.7813813461576,7.18985147539692,21.5968586387435,13.72753774529,8.79380144239792
"1015",262.99272866437,63.9685501548941,9.1743119266055,30.9774663507587,62.892095357591,20.8994708994709,0.299692814864764,1.03018843320076,0.918129115185856,1.58290462999604,4.21089672159991,8.09510536967244,10.8595194085028,0,0.172087420409568,1.95754159775895,0.205618526229213,1.72891099820745,3.85961058725701,1.4053056755382,1.46256957855277,7.08992846054127,1.44366277870712,3.99949675206431,0.145583364674197,0.529062701079574,0.188572506128606,0.273127470196973,73.6060448150078,3.53379457158063,44.0735183795949,15.5611408589225,12.1432753748632,42.6876661894048,10.9029064293741,0.48429081663539,2.59403372243839,0.133145154847815,0.735915396985472,1.02211686927778,0.0929584011155008,0.144679414530636,23.3953731083667,2.15347067690762,0.18035194393631,2.62024863504669,1.31814091433351,0.429292025900619,7.70126264887615,2.25807775998686,2.50175260141033,1.57654106889484,1.90707920954855,1.82278481012658,1.92287374537771,1.91225917486017,0.742869430922918,1.16219516999567,1.79973821989529,1.78392725057651,0.884742218290035
"1069",29.697665518561,1.01451113244805,0.294757009690137,0,0.188205771643664,0.211640211640212,0.41207762043905,0.14344395905327,0.0524645208677632,0.139668055587886,13.0197642367017,2.30250003029605,11.6219963031423,3.39720070661775,0,26.7305680245705,12.0029814686303,1.68648373444776,0.737405274801136,1.63808637025925,0.823582869476315,1.32836131427748,0.229152822017003,1.92690985902436,0.254770888179844,0.171587903052835,0.0188572506128606,0.0160663217762925,10.5035174570089,0.276742948376796,11.3465866466617,11.4085892252213,16.3437794353504,4.17263244017181,0.728885109484617,0.0605363520794237,0,0.159774185817378,0,2.71839592893026,0.418312805019754,0.024113235755106,0,0.311056875553322,0.0515291268389457,30.1732596123879,21.4324642897882,8.80048653096269,33.8795856840094,87.8050115640952,96.4961717686841,8.17549154298327,0.986420280800973,0.278481012658228,0.4648705758056,1.9760011473555,1.11430414638438,0.807627152030887,0.981675392670157,2.32780750989862,2.33250221185555
"1108",0.66334991708126,99.7663001141325,23.3226483917321,133.538337450219,78.3563362609787,0,0.636847231587623,7.43300515094217,1.2853807612602,9.84659791894597,35.7750278576037,11.3913159393594,9.35767097966728,5.57140915885311,43.4090517983135,0.0337507172027406,0,26.16701492379,14.8579318135463,12.8977747889886,13.3193229580825,10.8829601651649,20.3946011595133,11.5945675709679,3.96714668737186,6.56323729177093,5.95889119366396,9.52732881334147,52.7130015633142,22.0117083555083,77.01144036009,46.2681674133974,32.3311524655686,64.3485375332379,94.7246940201051,3.83396896503017,4.72114137483787,0.718983836178201,6.40518956635504,7.04608224778723,2.13804322565652,3.2311735911842,0,5.79044337568492,1.08211166361786,32.2048180254637,23.9546762316379,15.5976102743892,16.089071968001,0.150538517332457,0,0.0450440305398527,20.0900930523132,25.7215189873418,17.770734284205,21.5766576896722,14.0851953942095,16.3101288263799,19.1835732984293,14.1843971631206,12.1719080940508
"1157",0.357188416889909,0.489139296001739,4.99244685162669,1.4367091798155,1.81932245922208,0,0,23.6421725239617,2.07234857427665,2.90975115808096,25.7111019881532,20.4316581635745,13.6552680221811,42.2611767903248,11.2717260368267,1.45128083971784,0.205618526229213,14.4358764942352,15.6894739319391,7.58692634646389,12.8436328524367,8.38628106845062,11.4805563830519,17.8917884504599,0.909896029213729,0.34317580610567,0.245144257967188,0.0963979306577552,3.40346534653465,2.38424693986163,3.07108027006752,2.03256474702218,1.88386242712762,2.51585191245654,1.97406383818751,20.2998567306334,0,6.57737064948207,6.67775082449781,6.45890872713829,0,6.39000747510308,1.39154635588798,10.240949441294,0.90175971968155,10.0654485011485,19.113043257836,4.43601760097306,7.25351482045312,1.95700072532195,2.35054777385256,1.80176122159411,4.50465261565778,5.46835443037975,0.760697305863708,6.05548738705719,11.1625906593944,7.46562660048064,3.66764834205934,6.87464647783144,6.13957478752782
"1191",3.90355912743972,0.615953187557746,6.02409638554217,2.11725563341231,3.29360100376412,0.317460317460317,0.112384805574286,6.52017995696681,0.314787125206579,3.79431551013757,19.8111547709812,7.63460536361323,10.5822550831793,6.04701725777959,4.64636035105834,0.0337507172027406,0,27.8322850263579,17.4466950123162,25.9593582150031,17.2597409973873,28.5677704335579,13.0960837782717,9.90603831305995,8.61368240988996,16.243654822335,13.8789364510654,23.9548857684522,2.34497133923919,3.95955295369878,10.0103150787697,3.64987433067424,2.13843843079351,2.04540805890775,1.67036170923558,3.4102145004742,0.570687418936446,0.612467712299949,3.5160402300417,2.87062610095035,0.278875203346502,0.385811772081696,0.608801530700992,5.04869236475008,0.154587380516837,11.4506019646093,12.8518739147518,12.3779200801345,8.68630787140682,0.164223837089954,0.10996714731474,0.0225220152699264,37.9771808108375,39.9493670886076,24.6381405176968,24.3653689863433,13.5475925165679,20.2694716936532,31.413612565445,16.5774703041378,12.9762192015872
"1206",0.561296083684143,0.833348430225185,2.43174532994363,0.453697635731209,1.47427854454203,0.634920634920635,0,6.46801851731108,0.314787125206579,2.39763495425871,15.6119875667116,6.27734218785977,14.8336414048059,0.13588802826471,17.6389605919807,1.68753586013703,1.20800884159663,6.77775538561079,10.1824685818285,7.68176292579469,2.86834033852096,13.0275434918298,2.53213868328788,4.39017607056066,196.209979739648,164.381211124616,168.09353196304,107.258764178529,2.18212610734758,3.29962746141565,1.92235558889722,3.93399628455906,1.85840482676103,1.57496420535897,2.52072767030097,19.7953871299715,0.46692607003891,3.30199984022581,4.49726075935567,7.11132375008155,0.139437601673251,2.21841768946975,3.21795094799096,8.75744741942431,0.798701466003659,15.0520009696074,10.2916386772963,18.0660394233177,18.5964598071699,0.369503633452396,0.481106269501986,0.653138442827864,7.89136224640779,11.2151898734177,21.8066561014263,9.92781221614903,6.3046155650695,11.2476854587716,14.0025087260035,11.5737719183745,9.70535403093917
"1207",0.459242250287026,1.86597583289552,7.79263844368299,5.36875535615264,5.26976160602258,0,0.0749232037161909,1.90389254743431,0.314787125206579,4.09692963057799,3.28426485250132,21.1345265938753,14.3484288354898,9.91982606332382,2.79642058165548,0.101252151608222,0.0514046315573033,3.03354935881798,18.8587476661908,2.55196613471967,10.2166874929001,10.1147512123298,14.9293063544078,19.50747919136,0.740048770427166,0.271680846500322,0.150858004902885,0.0160663217762925,28.7096143824909,41.0643959552954,56.6391597899475,11.4960113648782,35.6151829128586,29.7811413376969,48.7138214838886,2.78467219565349,0,0.372806433573882,1.30829403908528,5.67601069960638,0,7.78857514889923,1.30457470864498,9.83418275787811,1.59740293200732,29.446054044071,9.31570742341474,4.65066361392337,33.1333393033044,0.739007266904791,0.247426081458164,0.0225220152699264,10.16012889225,2.12658227848101,2.47226624405705,28.1420808566921,25.1109416847497,9.13997557420321,4.19938917975567,27.824914066919,34.3977050323065
"1230",1.12259216736829,1.26813891556006,4.84506834678162,1.08383324091344,1.3801756587202,1.11111111111111,0,0.743300515094217,1.12798719865691,1.95535277823041,40.6310480323735,19.0501581453968,17.4214417744917,11.7543144448974,11.0135949062124,168.517330993284,92.3227182769167,19.8665662554758,26.3112477838618,13.6737104380588,19.4961944791548,13.4916697341677,22.0788744013383,19.4412623577166,4.17338978732697,1.68728104668621,2.05544031680181,0.722984479933164,6.3509640437728,8.68547099521022,5.8373968492123,6.57851600917932,14.4090018074896,8.34526488034363,5.83108087587694,1.15019068950905,1.71206225680934,0.26629030969563,4.08841887214151,1.69627905965248,0.185916802231002,1.10920884473487,0.521829883457993,7.60892972507358,1.62316749542679,19.6230073990281,18.8088568929898,5.6881193431832,22.9545386704874,91.1579149046817,126.530948879022,2.97290601563028,21.4053200933811,18.8860759493671,9.72002113048072,16.1267190413207,19.7153637127832,13.5917740219832,20.2061518324607,16.7515119871209,13.458805866109
"1231",0.102053833397117,0.923929781336618,5.06613610404922,1.1846549377426,1.31744040150565,0,0,4.73365064875791,0.603341989979276,3.42186736190321,13.3012726526303,5.90167113028515,13.8170055452865,4.41636091860307,11.3147478919291,0,0,27.0792010946234,8.80179487581781,19.2863116329997,9.81909576280813,10.4508426291951,15.5136460505511,7.40304200133758,77.8871001006952,76.7998856080646,52.7248727135584,153.835031008001,2.18212610734758,2.08621607237892,2.53188297074269,5.59501693803956,5.32063847661719,3.08856616895071,2.76368937346251,4.23754464555966,0.0518806744487678,0.346177402604319,1.60811142304233,1.41356588304373,0.0464792005577504,0.554604422367437,0,3.58911779484603,0.669878648906294,29.1343945147923,18.149786435823,11.3404643508747,17.9397629921495,0.0821119185449768,0.0137458934143425,0.0450440305398527,18.9721500674054,18.9367088607595,27.5118858954041,12.6209105540771,11.67086974371,12.8629397628334,19.2381108202443,17.9480485576296,7.18517922732513
"1236",0.943997958923332,1.95655718400696,20.20927747688,3.73040278267883,6.30489335006274,0.158730158730159,0,3.33833213796701,4.30209071115658,8.24041527968528,48.2786933317694,63.0521455664756,36.6682070240296,35.9423834760158,86.043710204784,0.405008606432887,0.102809263114607,90.6246353907021,78.259095972512,63.5663726732707,86.5400999659207,30.9524190579838,114.885767318225,63.991948033029,22.929379936186,12.7975977693573,16.6509522911559,7.14951319045018,20.4207920792079,33.4433209153805,17.6528507126782,19.4732816085674,22.6572643262646,31.2742892206995,26.3006043672366,6.45721088847186,0,1.33145154847815,8.31311837335441,1.76152056194681,0.278875203346502,3.95457066383738,3.04400765350496,25.5784461512694,5.64243938886456,58.2572460840557,59.1515735307165,34.3433620720495,47.3717202471568,0.410559592724884,0.16495072097211,0.0450440305398527,73.9157597080196,62.6582278481013,53.4389857369255,53.9575797173044,63.6815045060896,47.5121144072805,74.3482766143106,71.3570900230605,51.1273760690635
"1254",50.4911340732236,3.85876555734705,87.9297004531889,20.3155719110753,68.099121706399,4.92063492063492,1.19877125945905,84.5667340418596,8.70911046404869,47.9759770944389,104.287138584247,80.2481852664235,89.7874306839187,29.8274222041038,111.5126484254,0.438759323635627,0.334130105122472,127.822738892012,112.728870200982,230.056298442094,185.739236623878,248.691644127203,73.787208689475,86.4924281050729,33.1687432516045,77.700722099092,79.7473128417877,104.623887407217,21.8863991662324,45.5348589675359,65.1490997749437,35.9742104688012,25.3557699651231,26.9789322969932,29.2768852309655,36.6043142240249,35.9014267185473,18.587063616755,47.8890130556843,67.3944718700389,3.02114803625378,12.7559017144511,10.6105409636459,66.2790419448233,7.26560688429135,72.3858114113559,63.8411133220953,196.436876185025,89.2212172770962,1.02639898181221,1.30585987436253,0.765748519177496,290.007562555486,261.670886075949,233.491811938722,215.129157171769,93.6113228940629,199.779379899933,250.749890924956,168.450593917243,123.327703155581
"1291",0.586809542033423,0.326092864001159,27.1544895177038,11.7457276805969,5.67754077791719,0.0529100529100529,0.0374616018580955,10.2366825324379,3.09540673119803,4.0038175935194,6.56852970500264,15.208618621166,22.3428835489834,20.5870362821035,21.4248838409912,0.0675014344054811,0.0257023157786517,3.01233572693813,9.3979948852315,4.27626757709783,10.6142792229922,13.555687146904,9.57858796031073,18.0242221177468,0.485277882247322,0.114391935368557,0.0565717518385819,0,15.1934601354872,12.1979776476849,8.04107276819205,14.5557862528685,18.1003538606451,12.5588054816936,9.50587663619522,3.97522045321549,0,1.35808057944771,14.772820191338,1.82676206424113,0,3.90634419232717,0.434858236214994,9.04457684301199,4.89526704969984,9.9153902092736,13.2194324389409,0.643938038850928,12.8354377481269,0.0684265987874807,0.0137458934143425,0,3.8141584190971,1.59493670886076,0.105652403592182,12.8280719646869,9.73549938420034,5.06244336760824,0.190881326352531,9.46351651220467,19.1962250998686
"1295",5.25577241995152,3.56890523379047,3.83184112597178,3.83122447950799,6.80677540777917,0.105820105820106,0.0749232037161909,1.00410771337289,0.891896854751974,0.884564352056612,11.9523781596387,17.1960396999479,17.0055452865065,4.14458486207365,4.60333849595595,10.0239630092139,43.8224484026011,6.17316687703518,19.564773993128,5.39706351464363,7.98023401113257,13.0435478450138,10.3577075551685,15.7132546235904,0.764312664539532,0.142989919210696,0.113143503677164,0,19.4925742574257,32.9962746141565,33.3130157539385,12.6762102502459,32.5093556681347,26.7130292493352,25.8146809609135,0.302681760397118,0,0.479322557452134,0.708659271171196,9.93845551616902,0,0.168792650285742,0,4.57014332543727,0.231881070775256,17.1528170558563,22.4717677030127,63.2847994848496,14.8353780484165,36.3071533166372,66.6950748463896,4.32422693182586,4.96498208003157,6.12658227848101,3.23296354992076,14.7084601532994,5.39557797196645,6.87467990387267,5.57646160558464,5.56933385545838,12.5472532775678
"1297",0,0.253627783112013,2.5238568954718,0.756162726218682,0.34504391468005,0.105820105820106,0.0374616018580955,5.32046684488492,0.550877469111513,1.48979259293745,10.0873849041112,15.3298028332869,12.6617375231054,6.25084930017665,21.1237308552745,0,0.0514046315573033,23.0910383012124,22.906631940631,24.312650337532,23.3088151766443,19.7333674759535,16.9343935470565,17.6269211158861,2.25654215245005,6.96360906556088,3.65830661889497,5.30188618617654,1.41675351745701,1.46886641830761,1.35971492873218,2.819364003934,1.42562562052901,1.0022499488648,1.24517872870289,18.6048388724095,0,11.4771123478817,5.50573741448391,9.22079899093143,0,7.49921631983796,0.173943294485998,11.7244514631637,0.669878648906294,7.49137164821719,16.8189710896209,11.2689156798912,11.671293394227,0.0547412790299845,0.0137458934143425,0.0450440305398527,14.4674974517476,19.8481012658228,31.4632857897517,21.2579478271955,24.1921294938713,25.9425599810897,34.3450043630017,23.4521167819693,26.4350250676962
