"X.OTU.ID.4","X.OTU.ID.6","X.OTU.ID.9","X.OTU.ID.10","X.OTU.ID.11","X.OTU.ID.14","X.OTU.ID.15","X.OTU.ID.17","X.OTU.ID.21","X.OTU.ID.31","X.OTU.ID.36","X.OTU.ID.39","X.OTU.ID.2398","X.OTU.ID.2677","X.OTU.ID.3581","X.OTU.ID.3893","X.OTU.ID.4123","X.OTU.ID.4449","X.OTU.ID.4509","X.OTU.ID.4886","X.OTU.ID.5129","X.OTU.ID.5460","X.OTU.ID.5627","X.OTU.ID.5671","X.OTU.ID.5678","X.OTU.ID.5814","X.OTU.ID.5815","X.OTU.ID.5863","X.OTU.ID.6017","X.OTU.ID.6224","X.OTU.ID.6255","X.OTU.ID.6262","Species"
0,0,0.153080750095675,5.58744737849216,0.408215333588468,0.102053833397117,0.816430667176936,0.0510269166985585,0.0255134583492792,1.07156525066973,0.102053833397117,8.39392779691287,20.3342263043756,122.974869243526,0.204107666794234,10.4605179232045,0.535782625334864,8.90419696389846,262.99272866437,29.697665518561,0.66334991708126,0.357188416889909,3.90355912743972,0.561296083684143,0.459242250287026,1.12259216736829,0.102053833397117,0.943997958923332,50.4911340732236,0.586809542033423,5.25577241995152,0,"E. triangulatus"
0.0181162702222866,0,0.235511512889726,153.028134567655,1.17755756444863,0.634069457780032,1.19567383467092,0.21739524266744,0.181162702222866,21.6670591858548,0.0543488106668599,27.7722422507654,229.478794905705,168.282034094821,0.16304643200058,6.68490371202377,0.489139296001739,1.4855341582275,63.9685501548941,1.01451113244805,99.7663001141325,0.489139296001739,0.615953187557746,0.833348430225185,1.86597583289552,1.26813891556006,0.923929781336618,1.95655718400696,3.85876555734705,0.326092864001159,3.56890523379047,0.253627783112013,"E. triangulatus"
1.12376109944365,0,21.51726170738,25.035923510556,24.1332301683799,4.93717991230979,2.56070152168306,1.58431892708448,10.6665192881618,52.8904609262739,9.0637780479717,6.85310047529568,19.1407833167533,215.33841789175,7.53472606020412,1.97118750230279,4.51346671088022,3.81341881286614,9.1743119266055,0.294757009690137,23.3226483917321,4.99244685162669,6.02409638554217,2.43174532994363,7.79263844368299,4.84506834678162,5.06613610404922,20.20927747688,87.9297004531889,27.1544895177038,3.83184112597178,2.5238568954718,"E. triangulatus"
0.126027121036447,0,0.453697635731209,246.181378232596,195.190805061249,3.04985632908202,0.277259666280184,0.327670514694762,0.100821696829158,0,0.453697635731209,0.100821696829158,0.151232545243736,148.157483490447,0.302465090487473,0.0504108484145788,1.53753087664465,1.4367091798155,30.9774663507587,0,133.538337450219,1.4367091798155,2.11725563341231,0.453697635731209,5.36875535615264,1.08383324091344,1.1846549377426,3.73040278267883,20.3155719110753,11.7457276805969,3.83122447950799,0.756162726218682,"E. triangulatus"
0.376411543287328,0,1.06649937264743,194.855708908407,59.9435382685069,1.16060225846926,1.69385194479297,0.407779171894605,0.313676286072773,0,0.0627352572145546,0.313676286072773,0.533249686323714,286.511919698871,0.909661229611041,0,0.846925972396487,3.70138017565872,62.892095357591,0.188205771643664,78.3563362609787,1.81932245922208,3.29360100376412,1.47427854454203,5.26976160602258,1.3801756587202,1.31744040150565,6.30489335006274,68.099121706399,5.67754077791719,6.80677540777917,0.34504391468005,"E. triangulatus"
0,0.0529100529100529,0,0.105820105820106,0,0.105820105820106,0.0529100529100529,0,0,0,0,0.0529100529100529,0,879.312169312169,0,0.264550264550265,0.529100529100529,0,20.8994708994709,0.211640211640212,0,0,0.317460317460317,0.634920634920635,0,1.11111111111111,0,0.158730158730159,4.92063492063492,0.0529100529100529,0.105820105820106,0.105820105820106,"E. triangulatus"
0,0,0,3.07185135236383,0.524462426013336,0.112384805574286,0.0374616018580955,0,0,0.974001648310482,0,0.487000824155241,11.0886341499963,925.45141230239,0,0,0.599385629729527,0,0.299692814864764,0.41207762043905,0.636847231587623,0,0.112384805574286,0,0.0749232037161909,0,0,0,1.19877125945905,0.0374616018580955,0.0749232037161909,0.0374616018580955,"E. triangulatus"
0,0,92.4822325096173,0.925865553889287,5.33350720479885,4.04251157331942,0.61289691595488,0.443372237073743,54.4826237204147,0,42.9549455564974,12.8056334354828,35.8349090434896,54.9911977570581,52.070157136337,0.260807198278672,10.3540457716633,3.35137249788094,1.03018843320076,0.14344395905327,7.43300515094217,23.6421725239617,6.52017995696681,6.46801851731108,1.90389254743431,0.743300515094217,4.73365064875791,3.33833213796701,84.5667340418596,10.2366825324379,1.00410771337289,5.32046684488492,"E. triangulatus"
4.82673591983421,0,1.41654206342961,1.41654206342961,39.217229348653,2.83308412685921,0.131161302169408,0.183625823037171,0.367251646074342,0.262322604338816,0.760735552582566,65.4757220429684,519.818472757798,191.233178562997,0.734503292148684,0.0524645208677632,1.73132918863618,0.970593636053619,0.918129115185856,0.0524645208677632,1.2853807612602,2.07234857427665,0.314787125206579,0.314787125206579,0.314787125206579,1.12798719865691,0.603341989979276,4.30209071115658,8.70911046404869,3.09540673119803,0.891896854751974,0.550877469111513,"E. triangulatus"
0.186224074117182,0.0232780092646477,11.6855606508531,2.28124490793547,6.82045671454177,2.5373030098466,0.861286342791964,0.488838194557601,6.14539444586699,0,4.21331967690123,21.7183826439163,269.349845201238,343.141134570172,7.72829907586303,0,5.0280500011639,3.5615354174911,1.58290462999604,0.139668055587886,9.84659791894597,2.90975115808096,3.79431551013757,2.39763495425871,4.09692963057799,1.95535277823041,3.42186736190321,8.24041527968528,47.9759770944389,4.0038175935194,0.884564352056612,1.48979259293745,"E. triangulatus"
0.152483725294704,0,7.80012902469063,37.6752096651223,0.516098762535922,6.99079232889567,36.0799953081931,23.9399448712685,5.45422555861826,1.80634566887573,2.83854319394757,0.0938361386428948,0.50436924520556,0.0234590346607237,6.16972611577034,0.0117295173303619,49.076300510234,20.6439505014369,4.21089672159991,13.0197642367017,35.7750278576037,25.7111019881532,19.8111547709812,15.6119875667116,3.28426485250132,40.6310480323735,13.3012726526303,48.2786933317694,104.287138584247,6.56852970500264,11.9523781596387,10.0873849041112,"E. triangulatus"
14.7602370363189,0.0121184212120845,3.6718816272616,37.8215926029157,27.3512766756747,26.1879082393146,6.20463166058726,9.88863170906094,1.8783552878731,1.03006580302718,0.557447375755887,0.799815799997576,0.59380263939214,0.0605921060604224,2.19343423938729,0.181776318181267,15.0753159878331,4.47169742725918,8.09510536967244,2.30250003029605,11.3913159393594,20.4316581635745,7.63460536361323,6.27734218785977,21.1345265938753,19.0501581453968,5.90167113028515,63.0521455664756,80.2481852664235,15.208618621166,17.1960396999479,15.3298028332869,"E. triangulatus"
1.7097966728281,0.0231053604436229,14.4639556377079,41.4972273567468,9.9815157116451,17.3059149722736,25.5083179297597,13.2162661737523,6.19223659889094,3.16543438077634,3.21164510166359,0.231053604436229,0.739371534195933,0.0462107208872458,17.7911275415896,0,15.4805914972274,11.5757855822551,10.8595194085028,11.6219963031423,9.35767097966728,13.6552680221811,10.5822550831793,14.8336414048059,14.3484288354898,17.4214417744917,13.8170055452865,36.6682070240296,89.7874306839187,22.3428835489834,17.0055452865065,12.6617375231054,"E. triangulatus"
0.0679440141323549,0.0679440141323549,7.13412148389727,24.9354531865743,11.482538388368,33.6322869955157,9.85188204919147,20.0434841690447,0,0.13588802826471,4.68813697513249,3.94075281967659,0.54355211305884,0,8.83272183720614,0,5.23168908819133,7.74561761108846,0,3.39720070661775,5.57140915885311,42.2611767903248,6.04701725777959,0.13588802826471,9.91982606332382,11.7543144448974,4.41636091860307,35.9423834760158,29.8274222041038,20.5870362821035,4.14458486207365,6.25084930017665,"E. triangulatus"
13.939081053175,0,3.69987953880571,27.3188779900189,7.39975907761143,21.6830149716056,21.4679056960936,9.37876441232146,3.65685768370332,1.67785234899329,0,2.28015832042678,0.559284116331096,0.64532782653588,3.35570469798658,0,13.3797969368439,17.337807606264,0.172087420409568,0,43.4090517983135,11.2717260368267,4.64636035105834,17.6389605919807,2.79642058165548,11.0135949062124,11.3147478919291,86.043710204784,111.5126484254,21.4248838409912,4.60333849595595,21.1237308552745,"E. triangulatus"
0,0.0675014344054811,1.31627797090688,0.0675014344054811,0,14.8165648520031,0.101252151608222,0.0337507172027406,0.371257889230146,4.21883965034257,0.810017212865773,0.405008606432887,0.101252151608222,0.236255020419184,0.303756454824665,13.534037598299,0.371257889230146,2.36255020419184,1.95754159775895,26.7305680245705,0.0337507172027406,1.45128083971784,0.0337507172027406,1.68753586013703,0.101252151608222,168.517330993284,0,0.405008606432887,0.438759323635627,0.0675014344054811,10.0239630092139,0,"E. triangulatus"
0,0.0257023157786517,0.642557894466291,0,0,0.128511578893258,0,0.0257023157786517,0.231320842007865,51.8158686097617,0.282725473565168,0.0257023157786517,0,0.15421389467191,0.128511578893258,18.4028580975146,0,0.0257023157786517,0.205618526229213,12.0029814686303,0,0.205618526229213,0,1.20800884159663,0.0514046315573033,92.3227182769167,0,0.102809263114607,0.334130105122472,0.0257023157786517,43.8224484026011,0.0514046315573033,"E. triangulatus"
3.43660836453505,0,2.75777214437998,11.3705066875974,1.41070652000976,7.98693240276202,11.7205316136149,16.1966079402624,1.68648373444776,0,0.997040698352762,0.021213631879846,1.29403154467061,0.021213631879846,1.55920194316868,1.31524517655045,40.6559254977248,14.1282788319774,1.72891099820745,1.68648373444776,26.16701492379,14.4358764942352,27.8322850263579,6.77775538561079,3.03354935881798,19.8665662554758,27.0792010946234,90.6246353907021,127.822738892012,3.01233572693813,6.17316687703518,23.0910383012124,"E. triangulatus"
34.3913268588104,0,1.96118424149238,25.3228109261496,11.1395264916767,6.76216326466574,4.26753690948743,14.2617318041326,1.49050002353421,0.0156894739319391,0.815852644460831,0.0941368435916344,1.11395264916767,0.0627578957277562,0.862921066256648,0.0627578957277562,25.1972951346941,5.71096851122582,3.85961058725701,0.737405274801136,14.8579318135463,15.6894739319391,17.4466950123162,10.1824685818285,18.8587476661908,26.3112477838618,8.80179487581781,78.259095972512,112.728870200982,9.3979948852315,19.564773993128,22.906631940631,"E. triangulatus"
7.12136495702179,0.0258645216356723,0.888015242824751,6.24197122140893,1.39668416832631,13.2253920630405,3.20720068282337,3.34514479821362,0.370724810111304,0,0.362103302899413,0.0172430144237816,0.336238781263741,0.0517290432713447,0.637991533679918,0.0862150721189078,27.2612058039987,9.34571381768961,1.4053056755382,1.63808637025925,12.8977747889886,7.58692634646389,25.9593582150031,7.68176292579469,2.55196613471967,13.6737104380588,19.2863116329997,63.5663726732707,230.056298442094,4.27626757709783,5.39706351464363,24.312650337532,"E. triangulatus"
21.093661251846,0,0.63188685675338,14.5759968192662,9.30790639554697,18.4028172214018,7.26314892650233,8.83221628990117,0.340792911507441,0,0.177496308076792,0.021299556969215,0.340792911507441,0.0567988185845734,0.653186413722595,0.482789957968874,12.5951380211292,8.9742133363626,1.46256957855277,0.823582869476315,13.3193229580825,12.8436328524367,17.2597409973873,2.86834033852096,10.2166874929001,19.4961944791548,9.81909576280813,86.5400999659207,185.739236623878,10.6142792229922,7.98023401113257,23.3088151766443,"E. triangulatus"
19.6533457100331,0.0320087063681321,0.608165420994511,11.5871517052638,8.38628106845062,15.0761006993902,2.6887313349231,1.61643967159067,0.320087063681321,0,0.112030472288462,0,0.0160043531840661,0.0480130595521982,0.576156714626378,0,17.0926492005826,3.23287934318135,7.08992846054127,1.32836131427748,10.8829601651649,8.38628106845062,28.5677704335579,13.0275434918298,10.1147512123298,13.4916697341677,10.4508426291951,30.9524190579838,248.691644127203,13.555687146904,13.0435478450138,19.7333674759535,"E. triangulatus"
24.6683012901304,0,2.78420678750659,33.0782098581544,20.0164990031852,13.0044226494649,7.1495680469305,13.9095762964321,1.44366277870712,0,0.641627901647609,0,0.297898668622104,0.0343729233025505,1.84468021723688,0.229152822017003,16.7396136483421,4.69763285134856,1.44366277870712,0.229152822017003,20.3946011595133,11.4805563830519,13.0960837782717,2.53213868328788,14.9293063544078,22.0788744013383,15.5136460505511,114.885767318225,73.787208689475,9.57858796031073,10.3577075551685,16.9343935470565,"E. triangulatus"
0.260552371026576,8.22368421052632,0.390828556539864,0.0651380927566441,24.5082073996873,3.98970818134445,10.3569567483064,3.48488796248046,0.32569046378322,2.89864512767066,0.179129755080771,3.66401771756123,0.016284523189161,129.85278791037,0.423397602918187,38.0080771235018,6.6440854611777,5.42274622199062,73.6060448150078,10.5035174570089,52.7130015633142,3.40346534653465,2.34497133923919,2.18212610734758,28.7096143824909,6.3509640437728,2.18212610734758,20.4207920792079,21.8863991662324,15.1934601354872,19.4925742574257,1.41675351745701,"E. intermedius"
0.596061734965407,12.7088877062267,2.25651942522618,0.0638637573177222,60.8834486428952,4.57690260777009,3.34220329962746,9.43054816391698,1.70303352847259,0.191591271953167,1.17083555082491,0.0851516764236296,0,342.671633847791,1.49015433741352,0.170303352847259,4.598190526876,3.12932410856839,3.53379457158063,0.276742948376796,22.0117083555083,2.38424693986163,3.95955295369878,3.29962746141565,41.0643959552954,8.68547099521022,2.08621607237892,33.4433209153805,45.5348589675359,12.1979776476849,32.9962746141565,1.46886641830761,"E. intermedius"
0.304763690922731,10.0337584396099,4.80588897224306,0.281320330082521,22.0367591897974,2.74287321830458,11.15903975994,1.96924231057764,3.04763690922731,0,2.53188297074269,68.3842835708927,0.0937734433608402,143.94223555889,1.73480870217554,4.47768192048012,9.30701425356339,2.22711927981995,44.0735183795949,11.3465866466617,77.01144036009,3.07108027006752,10.0103150787697,1.92235558889722,56.6391597899475,5.8373968492123,2.53188297074269,17.6528507126782,65.1490997749437,8.04107276819205,33.3130157539385,1.35971492873218,"E. intermedius"
0.524532837941209,15.9763960222926,0.655666047426511,0.174844279313736,17.5718500710305,2.1855534914217,5.11419516992678,2.68823079444869,0.349688558627472,0.152988744399519,0.437110698284341,1.72658725822314,0,458.157578406731,0.546388372855426,0.874221396568681,14.5557862528685,3.3438968418752,15.5611408589225,11.4085892252213,46.2681674133974,2.03256474702218,3.64987433067424,3.93399628455906,11.4960113648782,6.57851600917932,5.59501693803956,19.4732816085674,35.9742104688012,14.5557862528685,12.6762102502459,2.819364003934,"E. intermedius"
0.0509152007331789,12.2960209770627,0.712812810264504,0.152745602199537,47.24930628039,4.04775845828772,5.16789287441766,4.30233446195362,0.891016012830631,4.73511366818564,0.560067208064968,6.61897609531326,0.0509152007331789,199.613044474428,1.04376161503017,92.0037677248543,10.3612433492019,3.71680965352206,12.1432753748632,16.3437794353504,32.3311524655686,1.88386242712762,2.13843843079351,1.85840482676103,35.6151829128586,14.4090018074896,5.32063847661719,22.6572643262646,25.3557699651231,18.1003538606451,32.5093556681347,1.42562562052901,"E. intermedius"
0.511352014726938,2.18858662303129,0.40908161178155,0.122724483534465,38.7604827163019,3.10902024953978,8.07936183268562,5.0930660666803,0.16363264471262,0.204540805890775,0.470443853548783,0.102270402945388,0,361.362241767233,0.306811208836163,0.32726528942524,7.48619349560237,3.23174473307425,42.6876661894048,4.17263244017181,64.3485375332379,2.51585191245654,2.04540805890775,1.57496420535897,29.7811413376969,8.34526488034363,3.08856616895071,31.2742892206995,26.9789322969932,12.5588054816936,26.7130292493352,1.0022499488648,"E. intermedius"
0.364442554742309,56.0026725787348,1.33628936738847,0.12148085158077,37.7805448416193,1.79184256081635,1.97406383818751,2.24739575424424,0.334072341847116,0.0911106386855772,1.03258723843654,1.54888085765481,0,204.847085978073,0.819995748170195,40.7871959182434,5.1933064050779,1.09332766422693,10.9029064293741,0.728885109484617,94.7246940201051,1.97406383818751,1.67036170923558,2.52072767030097,48.7138214838886,5.83108087587694,2.76368937346251,26.3006043672366,29.2768852309655,9.50587663619522,25.8146809609135,1.24517872870289,"E. intermedius"
0.0403575680529491,10.2508222854491,101.701071493432,0.0201787840264746,8.07151361058983,0.464112032608915,0.0201787840264746,1.06947555340315,46.5120971810239,0.48429081663539,53.4939564541841,26.0709889622051,0,11.0176160784551,35.9585931351777,0.121072704158847,7.30471981758379,1.95734205056803,0.48429081663539,0.0605363520794237,3.83396896503017,20.2998567306334,3.4102145004742,19.7953871299715,2.78467219565349,1.15019068950905,4.23754464555966,6.45721088847186,36.6043142240249,3.97522045321549,0.302681760397118,18.6048388724095,"E. intermedius"
0,5.75875486381323,0,0.207522697795071,0.155642023346304,0,0,1.14137483787289,0,0,0,0,0,845.395590142672,0,2.49027237354086,0.985732814526589,0,2.59403372243839,0,4.72114137483787,0,0.570687418936446,0.46692607003891,0,1.71206225680934,0.0518806744487678,0,35.9014267185473,0,0,0,"E. intermedius"
0,20.1049183820201,84.1743668947887,0,4.26064495513008,0.239661278726067,0.026629030969563,0.798870929086891,41.5945463744574,8.70769312704711,43.5384656352355,95.9443985833355,0.026629030969563,235.400633770937,38.3724336271403,44.7367720288659,0.798870929086891,0.133145154847815,0.133145154847815,0.159774185817378,0.718983836178201,6.57737064948207,0.612467712299949,3.30199984022581,0.372806433573882,0.26629030969563,0.346177402604319,1.33145154847815,18.587063616755,1.35808057944771,0.479322557452134,11.4771123478817,"E. intermedius"
1.33555016489956,0,87.8192373735997,0,51.8956635503829,2.53481970072774,0.190792880699937,4.74256589168416,46.0628526261277,0,41.5928479925863,3.67957698492736,0,272.997356155796,29.3548475019761,0,5.15140777889831,2.86189321049906,0.735915396985472,0,6.40518956635504,6.67775082449781,3.5160402300417,4.49726075935567,1.30829403908528,4.08841887214151,1.60811142304233,8.31311837335441,47.8890130556843,14.772820191338,0.708659271171196,5.50573741448391,"E. intermedius"
0.152230172020094,3.80575430050236,53.9329752299763,0.173977339451536,3.28382228214775,1.5005545527695,0.587173520648935,0.304460344040189,29.7718722136442,9.06856881891134,25.0527368810212,10.4603875345236,0.0217471674314421,300.632842572255,22.0951221103451,8.6336254702825,2.52267142204728,2.71839592893026,1.02211686927778,2.71839592893026,7.04608224778723,6.45890872713829,2.87062610095035,7.11132375008155,5.67601069960638,1.69627905965248,1.41356588304373,1.76152056194681,67.3944718700389,1.82676206424113,9.93845551616902,9.22079899093143,"E. intermedius"
0.0929584011155008,0,0.371833604462003,0,0,0.232396002788752,0,0.557750406693005,0.0464792005577504,0,0,0,0,952.498257029979,0,0.0464792005577504,1.34789681617476,0.139437601673251,0.0929584011155008,0.418312805019754,2.13804322565652,0,0.278875203346502,0.139437601673251,0,0.185916802231002,0.0464792005577504,0.278875203346502,3.02114803625378,0,0,0,"E. intermedius"
0.048226471510212,215.307082057341,54.4717995707844,0.265245593306166,9.11480311543006,0.892189722938921,0.24113235755106,0.675170601142967,22.9558004388609,0,25.3671240143715,2.45955004702081,0.024113235755106,103.807479925731,27.8990137686576,171.782691519375,1.47090738106146,0.578717658122543,0.144679414530636,0.024113235755106,3.2311735911842,6.39000747510308,0.385811772081696,2.21841768946975,7.78857514889923,1.10920884473487,0.554604422367437,3.95457066383738,12.7559017144511,3.90634419232717,0.168792650285742,7.49921631983796,"E. intermedius"
2.26126282831797,1.56548965037398,1.04365976691599,0.0869716472429988,3.65280918420595,0,0.434858236214994,0,0.956688119672987,0,0.347886588971995,0.173943294485998,0,848.930248738911,0,0.782744825186989,2.08731953383197,0.260914941728996,23.3953731083667,0,0,1.39154635588798,0.608801530700992,3.21795094799096,1.30457470864498,0.521829883457993,0,3.04400765350496,10.6105409636459,0.434858236214994,0,0.173943294485998,"E. intermedius"
7.51321991721102,231.641662479363,24.9084774962314,4.92905510492188,11.7483789151293,6.77146890627617,1.24422750221329,3.44555308305219,17.6106046467112,1.74670399349173,14.1411241116933,4.49836096954035,0.382839231450243,72.3087598401646,7.48929246524538,12.7294044457206,7.05859832986385,3.1584236594645,2.15347067690762,0.311056875553322,5.79044337568492,10.240949441294,5.04869236475008,8.75744741942431,9.83418275787811,7.60892972507358,3.58911779484603,25.5784461512694,66.2790419448233,9.04457684301199,4.57014332543727,11.7244514631637,"E. intermedius"
0.18035194393631,241.285136423363,1.41705098807101,0.0257645634194729,17.7260196325973,0.283410197614201,0.103058253677891,0.463762141550511,1.18516991729575,5.82279133280087,1.00481797335944,1.57163836858784,0.0257645634194729,46.1443330842759,1.31399273439312,123.128848581661,0.283410197614201,0.334939324453147,0.18035194393631,0.0515291268389457,1.08211166361786,0.90175971968155,0.154587380516837,0.798701466003659,1.59740293200732,1.62316749542679,0.669878648906294,5.64243938886456,7.26560688429135,4.89526704969984,0.231881070775256,0.669878648906294,"E. intermedius"
2.30858910576801,1.93921484884513,1.92767190331629,0.230858910576801,5.6791292001893,6.57947895143883,56.2026017799222,2.33167499682569,1.66218415615297,8.69183798321656,1.01577920653792,3.93614442533446,0,0.0808006187018804,1.38515346346081,5.99078872946799,14.4171389655212,15.4560040631168,2.62024863504669,30.1732596123879,32.2048180254637,10.0654485011485,11.4506019646093,15.0520009696074,29.446054044071,19.6230073990281,29.1343945147923,58.2572460840557,72.3858114113559,9.9153902092736,17.1528170558563,7.49137164821719,"E. intermedius"
3.34605001330815,0.456279547269294,2.24337444074069,0.266163069240421,4.08116706168646,9.42977731023207,14.5755966488802,77.7703139456774,1.45755966488802,4.4614000177442,1.05197784509309,0.392907387926336,0.0126744318685915,0.0633721593429575,1.98988580336886,0.34220966045197,14.2840847159026,15.3740858566015,1.31814091433351,21.4324642897882,23.9546762316379,19.113043257836,12.8518739147518,10.2916386772963,9.31570742341474,18.8088568929898,18.149786435823,59.1515735307165,63.8411133220953,13.2194324389409,22.4717677030127,16.8189710896209,"E. intermedius"
3.21969019425464,1.35942474868529,1.82449111007763,0.0715486709834365,0.0357743354917182,0.82280971630952,17.0643580295496,2.71884949737059,0.214646012950309,1.00168139376811,0.143097341966873,0.321969019425464,0,0.0357743354917182,1.39519908417701,0.107323006475155,12.4494687511179,11.6266590348084,0.429292025900619,8.80048653096269,15.5976102743892,4.43601760097306,12.3779200801345,18.0660394233177,4.65066361392337,5.6881193431832,11.3404643508747,34.3433620720495,196.436876185025,0.643938038850928,63.2847994848496,11.2689156798912,"E. intermedius"
4.05958031103549,0.149249276141011,1.94024058983314,0.268648697053819,8.56690845049402,3.67153219306886,30.267753201397,46.6254738664517,1.19399420912809,1.16414435389988,1.64174203755112,0.537297394107639,0.0298498552282021,0.0895495656846064,0.328348407510224,2.56708754962538,15.5816244291215,9.91015193576311,7.70126264887615,33.8795856840094,16.089071968001,7.25351482045312,8.68630787140682,18.5964598071699,33.1333393033044,22.9545386704874,17.9397629921495,47.3717202471568,89.2212172770962,12.8354377481269,14.8353780484165,11.671293394227,"E. intermedius"
0,0.0684265987874807,0.492671511269861,0.0136853197574961,0.218965116119938,2.24439244022937,0.109482558059969,0.0136853197574961,0.109482558059969,0.547412790299845,0.287391714907419,0.109482558059969,0,0.0547412790299845,0.0684265987874807,11.6735777531442,0.109482558059969,0.205279796362442,2.25807775998686,87.8050115640952,0.150538517332457,1.95700072532195,0.164223837089954,0.369503633452396,0.739007266904791,91.1579149046817,0.0821119185449768,0.410559592724884,1.02639898181221,0.0684265987874807,36.3071533166372,0.0547412790299845,"E. intermedius"
0.0137458934143425,0.16495072097211,0.302409655115534,0.0412376802430274,0.0274917868286849,2.5567361750677,0,0,0.0274917868286849,13.5809426933704,0.219934294629479,0.0549835736573699,0.0137458934143425,0.0412376802430274,0.0962212539003973,5.53959504598001,0.0962212539003973,0.0274917868286849,2.50175260141033,96.4961717686841,0,2.35054777385256,0.10996714731474,0.481106269501986,0.247426081458164,126.530948879022,0.0137458934143425,0.16495072097211,1.30585987436253,0.0137458934143425,66.6950748463896,0.0137458934143425,"E. intermedius"
0.0225220152699264,0.157654106889484,1.05853471768654,0.0225220152699264,0.0225220152699264,2.59003175604153,0.0225220152699264,0,0.225220152699264,100.98871647035,0.292786198509043,0.0675660458097791,0,0,0.472962320668453,28.8056575302358,0,0.0225220152699264,1.57654106889484,8.17549154298327,0.0450440305398527,1.80176122159411,0.0225220152699264,0.653138442827864,0.0225220152699264,2.97290601563028,0.0450440305398527,0.0450440305398527,0.765748519177496,0,4.32422693182586,0.0450440305398527,"E. intermedius"
12.6919409463059,1.11794298490777,2.20300529378884,0.0328806760266991,2.23588596981554,2.63045408213593,13.9742873113471,3.8470390951238,1.28234636504127,0.197284056160195,1.21658501298787,0.164403380133496,0.0328806760266991,0,1.41386906914806,1.93995988557525,22.0629336139151,10.6862197086772,1.90707920954855,0.986420280800973,20.0900930523132,4.50465261565778,37.9771808108375,7.89136224640779,10.16012889225,21.4053200933811,18.9721500674054,73.9157597080196,290.007562555486,3.8141584190971,4.96498208003157,14.4674974517476,"E. intermedius"
6.70886075949367,0.759493670886076,2,0.0506329113924051,0.860759493670886,1.87341772151899,9.84810126582279,51.2151898734177,1.29113924050633,0.0506329113924051,0.784810126582278,0.0253164556962025,0,0.126582278481013,1.41772151898734,0.531645569620253,20.5569620253165,8.17721518987342,1.82278481012658,0.278481012658228,25.7215189873418,5.46835443037975,39.9493670886076,11.2151898734177,2.12658227848101,18.8860759493671,18.9367088607595,62.6582278481013,261.670886075949,1.59493670886076,6.12658227848101,19.8481012658228,"E. intermedius"
58.4891706286318,2.83148441627047,5.76862123613312,0.147913365029054,0.274696249339673,0.253565768621236,14.9603803486529,0.105652403592182,3.06391970417327,0.147913365029054,1.11991547807713,0.0422609614368727,0,0.0211304807184363,3.04278922345483,0.126782884310618,28.2091917591125,20.5388272583201,1.92287374537771,0.4648705758056,17.770734284205,0.760697305863708,24.6381405176968,21.8066561014263,2.47226624405705,9.72002113048072,27.5118858954041,53.4389857369255,233.491811938722,0.105652403592182,3.23296354992076,31.4632857897517,"E. intermedius"
18.9791723104871,0.382451834972033,3.0277436935286,0.334645355600529,10.4218125029879,3.05961467977627,9.35413446369098,2.85245326916641,2.16722706484152,0.0159354931238347,0.924258601182414,0,0,0.0637419724953389,1.48200086051663,0.478064793715042,27.5524676111102,11.6488454735232,1.91225917486017,1.9760011473555,21.5766576896722,6.05548738705719,24.3653689863433,9.92781221614903,28.1420808566921,16.1267190413207,12.6209105540771,53.9575797173044,215.129157171769,12.8280719646869,14.7084601532994,21.2579478271955,"E. intermedius"
11.4558285926534,0.273688737708443,2.19928449944285,0.234590346607237,13.1566086055559,13.7235352765234,9.31519167986237,8.37683029343343,1.33911989521631,0.0390983911012062,1.00678357085606,0.0879713799777139,0.00977459777530155,0.0977459777530155,1.56393564404825,0.146618966629523,12.9317928567239,10.7813813461576,0.742869430922918,1.11430414638438,14.0851953942095,11.1625906593944,13.5475925165679,6.3046155650695,25.1109416847497,19.7153637127832,11.67086974371,63.6815045060896,93.6113228940629,9.73549938420034,5.39557797196645,24.1921294938713,"E. intermedius"
15.1085372099437,0.295473348303983,0.787928928810621,0,4.01843753693417,19.0875783004373,3.97904109049364,23.5393767482173,0.610644919828232,0.0393964464405311,0.453059134066107,0.0393964464405311,0,0.118189339321593,0.886420044911949,0.137887562541859,16.2313359334988,7.18985147539692,1.16219516999567,0.807627152030887,16.3101288263799,7.46562660048064,20.2694716936532,11.2476854587716,9.13997557420321,13.5917740219832,12.8629397628334,47.5121144072805,199.779379899933,5.06244336760824,6.87467990387267,25.9425599810897,"E. intermedius"
24.5691535776614,0.831697207678883,1.69066317626527,0.0545375218150087,0.3135907504363,0.518106457242583,18.1337260034904,0.0818062827225131,0.858965968586388,0.0545375218150087,0.545375218150087,0.0409031413612565,0.0272687609075044,0.0818062827225131,1.02257853403141,0.0681719022687609,21.0514834205934,21.5968586387435,1.79973821989529,0.981675392670157,19.1835732984293,3.66764834205934,31.413612565445,14.0025087260035,4.19938917975567,20.2061518324607,19.2381108202443,74.3482766143106,250.749890924956,0.190881326352531,5.57646160558464,34.3450043630017,"E. intermedius"
21.428882217291,0.348083365966149,1.28355741200017,0.130531262237306,11.3779750250185,12.3569594917983,8.5933080972893,10.5512770308489,1.08776051864422,0,0.565635469694992,0.0435104207457686,0,0.0652656311186529,0.804942783796719,0.30457294522038,33.0026541356655,13.72753774529,1.78392725057651,2.32780750989862,14.1843971631206,6.87464647783144,16.5774703041378,11.5737719183745,27.824914066919,16.7515119871209,17.9480485576296,71.3570900230605,168.450593917243,9.46351651220467,5.56933385545838,23.4521167819693,"E. intermedius"
14.3971688249015,0.134051851256066,1.76948443658007,0.375345183516984,14.6384621571624,6.08595404702539,9.73216440119038,2.17163999034827,1.15284592080217,0,0.723879996782756,0,0,0,1.04560443979731,0.0268103702512132,14.7457036381672,8.79380144239792,0.884742218290035,2.33250221185555,12.1719080940508,6.13957478752782,12.9762192015872,9.70535403093917,34.3977050323065,13.458805866109,7.18517922732513,51.1273760690635,123.327703155581,19.1962250998686,12.5472532775678,26.4350250676962,"E. intermedius"
